{
  "training_completed_at": "2025-06-06T17:54:46.421799",
  "total_episodes": 6501,
  "total_updates": 650,
  "final_actor_loss": -0.015948502972605638,
  "final_critic_loss": 1.0833174687577412,
  "best_reward": -0.29064915427737464,
  "training_stats": {
    "episodes": [
      100,
      200,
      300,
      400,
      500,
      600,
      700,
      800,
      900,
      1000,
      1100,
      1200,
      1300,
      1400,
      1500,
      1600,
      1700,
      1800,
      1900,
      2000,
      2100,
      2200,
      2300,
      2400,
      2500,
      2600,
      2700,
      2800,
      2900,
      3000,
      3100,
      3200,
      3300,
      3400,
      3500,
      3600,
      3700,
      3800,
      3900,
      4000,
      4100,
      4200,
      4300,
      4400,
      4500,
      4600,
      4700,
      4800,
      4900,
      5000,
      5100,
      5200,
      5300,
      5400,
      5500,
      5600,
      5700,
      5800,
      5900,
      6000,
      6100,
      6200,
      6300,
      6400,
      6500
    ],
    "rewards": [
      -1207.6277198252908,
      -1075.6819595152558,
      -1026.2446058831338,
      -971.5792203674878,
      -1056.2022605666464,
      -1169.164451304388,
      -1169.2346955087971,
      -1096.2044320911132,
      -1058.9200393533833,
      -1050.1195236702517,
      -1026.315254232903,
      -950.1276733026855,
      -874.9054399987667,
      -851.0818953504722,
      -817.8678228927664,
      -777.5961219026835,
      -721.1778488177607,
      -618.4650615569676,
      -462.902954856834,
      -277.943247894116,
      -219.73914690401799,
      -210.2203777018399,
      -223.2563443890497,
      -187.64477651068734,
      -179.26026228276405,
      -183.38180716928508,
      -196.91939121774465,
      -188.14589344454632,
      -196.59835108479376,
      -217.0811510419614,
      -222.7661550020034,
      -210.8004221626469,
      -309.76792614692494,
      -236.7659571321544,
      -289.8816836085836,
      -261.00120631384345,
      -218.2921888903284,
      -216.59280449745492,
      -200.16060222314368,
      -199.00499600648402,
      -200.7791933198076,
      -295.112442826736,
      -161.93140052064868,
      -213.2148859680443,
      -177.07437955125206,
      -176.5512808285749,
      -203.93951610342668,
      -178.34009278566893,
      -179.33974430385388,
      -202.74696836644435,
      -170.01884515154907,
      -207.69703393724282,
      -176.877615554342,
      -201.72532851688126,
      -168.36505894091013,
      -179.886118221849,
      -190.96174935199127,
      -183.5940151926876,
      -177.00236196791008,
      -188.48712250758504,
      -161.07892353637672,
      -160.19000869261558,
      -163.799785692902,
      -194.68355837564434,
      -185.2175031971066
    ],
    "eval_rewards": [
      -1223.2208085047096,
      -1073.6627497142545,
      -935.8043541068088,
      -1202.1245080836936,
      -1160.0290254696802,
      -1265.8966060830958,
      -1224.7057440647154,
      -1177.6321101395883,
      -892.0924298947427,
      -869.5752402937976,
      -1021.8094672955885,
      -849.224016131892,
      -924.3294128691161,
      -776.8364757782689,
      -828.3351073158758,
      -667.5906479310985,
      -688.2530742102065,
      -642.8845390735686,
      -551.0149822180771,
      -172.53300752192857,
      -215.83821581804176,
      -145.16773864550197,
      -170.79373103570924,
      -216.70873086813626,
      -226.95964853186416,
      -122.94417063157921,
      -178.47820132557612,
      -175.95968390340724,
      -169.12335066279206,
      -226.53867171081697,
      -324.0052246941458,
      -345.69894177736506,
      -127.70803722778328,
      -489.86174251349274,
      -553.3679585087284,
      -248.03683891261645,
      -222.2681832644705,
      -171.23268459149062,
      -302.8280694904604,
      -195.34383447670834,
      -329.0728471546442,
      -236.17966909532862,
      -199.55878461813754,
      -126.91638221535125,
      -97.45327401502485,
      -100.2787911997798,
      -148.3368687092199,
      -229.663677523574,
      -146.734140049776,
      -276.3462114894055,
      -102.41246628746121,
      -244.33571503155173,
      -190.42545593671176,
      -124.7295363148482,
      -159.4752500547507,
      -130.97508192265445,
      -194.06230040722815,
      -293.1061203727478,
      -174.32208164851042,
      -163.13414418201592,
      -152.81276708257982,
      -158.34991939102974,
      -200.40458791087667,
      -189.13708569864698,
      -156.05943953649566
    ],
    "actor_losses": [
      0.002689092740183696,
      -0.008439398061454995,
      0.01944971444845578,
      0.02207554248343513,
      0.03467736896345741,
      0.03165725485450821,
      0.015149376195040531,
      0.04023107614921173,
      0.03567818129522493,
      0.01596898431489535,
      0.03030632006630185,
      0.009573676226864336,
      0.011067468192777596,
      0.028770422843081178,
      0.02724097798272851,
      -0.0019241635163780302,
      -0.0014581005652871681,
      -0.007748875680590572,
      -0.008373612564355426,
      0.022000711318469257,
      0.031064865454027313,
      0.006394218495870518,
      -0.005042499176852289,
      -0.0002801135487970896,
      -0.015032050523586804,
      -0.009335806076705921,
      -0.010376855883805547,
      -0.009072885815839982,
      4.73553009214811e-05,
      0.009864340489002643,
      -0.0050711268158920575,
      -0.00539436744293198,
      -0.008412242961640004,
      -0.0035470128714223392,
      0.012110206538636703,
      -0.005827499779115897,
      -0.011474907434603665,
      -0.004774311921210028,
      -0.014585221040761098,
      -0.0026332420893595554,
      -0.004658778438169975,
      -0.02369945607642876,
      -0.01281491248664679,
      -0.004425662595167523,
      -0.006176773262268398,
      -0.007436725223669782,
      -0.008885888062650338,
      -0.004316751583246514,
      -0.008310187375172973,
      -0.01836238388204947,
      -0.012138736390625127,
      -0.025993762603320647,
      -0.005810989270685241,
      -0.007973016072355676,
      -0.010904237315116916,
      -0.0030250285963120405,
      -0.0020283339326852,
      0.008595556086220313,
      -0.010136681696167216,
      -0.016328303012414835,
      -0.007691287886700593,
      -0.0052801365236518905,
      -0.004203379947284702,
      -0.011306070424325299,
      -0.015948502972605638
    ],