{
  "episodes": [
    100,
    200,
    300,
    400,
    500,
    600,
    700,
    800,
    900,
    1000,
    1100,
    1200,
    1300,
    1400,
    1500,
    1600,
    1700,
    1800,
    1900,
    2000,
    2100,
    2200,
    2300,
    2400,
    2500,
    2600,
    2700,
    2800,
    2900,
    3000,
    3100,
    3200,
    3300,
    3400,
    3500,
    3600,
    3700,
    3800,
    3900,
    4000,
    4100,
    4200,
    4300,
    4400,
    4500,
    4600,
    4700,
    4800,
    4900,
    5000,
    5100,
    5200,
    5300,
    5400,
    5500,
    5600,
    5700,
    5800,
    5900,
    6000,
    6100,
    6200,
    6300,
    6400,
    6500,
    6600,
    6700,
    6800,
    6900,
    7000,
    7100,
    7200,
    7300,
    7400,
    7500,
    7600,
    7700,
    7800,
    7900,
    8000,
    8100,
    8200,
    8300,
    8400,
    8500,
    8600,
    8700,
    8800,
    8900,
    9000,
    9100,
    9200,
    9300,
    9400,
    9500,
    9600,
    9700,
    9800,
    9900,
    10000,
    10100,
    10200,
    10300,
    10400,
    10500,
    10600,
    10700,
    10800,
    10900,
    11000,
    11100,
    11200,
    11300,
    11400,
    11500,
    11600,
    11700,
    11800,
    11900,
    12000,
    12100,
    12200,
    12300,
    12400,
    12500,
    12600,
    12700,
    12800,
    12900,
    13000,
    13100,
    13200,
    13300,
    13400,
    13500,
    13600,
    13700,
    13800,
    13900,
    14000,
    14100,
    14200,
    14300,
    14400,
    14500
  ],
  "rewards": [
    -1360.8779750521994,
    -1321.216379412002,
    -1284.8813380592717,
    -1227.985301566237,
    -986.2425729103987,
    -845.1497414593598,
    -808.2340248346416,
    -881.7983102735628,
    -1136.6972378843616,
    -845.4848370712763,
    -822.7394166892269,
    -797.3937699699159,
    -753.7726677338102,
    -744.6261690762465,
    -727.9063346819619,
    -743.4546882160643,
    -683.8223517364567,
    -650.3106699694157,
    -664.4685031467727,
    -651.1298373882013,
    -598.0948002273788,
    -563.4108763615031,
    -516.1692685162332,
    -452.72516801831057,
    -503.6728616025047,
    -491.76955065747126,
    -379.78844308765986,
    -321.5092819513279,
    -273.6312007024324,
    -250.27755266961123,
    -213.0470700607774,
    -217.63137404745845,
    -190.38448089524238,
    -212.4016647954882,
    -178.28014622952594,
    -205.12949594299207,
    -189.24817399882343,
    -212.14851904778044,
    -196.9811335398321,
    -169.70333808835767,
    -200.74901614944108,
    -191.8560884398274,
    -217.18735911143102,
    -198.66390679647054,
    -179.09140892702922,
    -178.9165862123366,
    -189.43311142555208,
    -161.97734746310866,
    -188.4139674534069,
    -177.60776146426971,
    -233.44473340989555,
    -278.9052739894586,
    -183.25856501249416,
    -187.86852505078045,
    -197.16736050148393,
    -190.06639927180697,
    -183.35786710872478,
    -171.70748486917793,
    -190.56621980658556,
    -156.21873642480082,
    -191.23534311540564,
    -187.73319721690456,
    -186.8628299812316,
    -185.71863619482593,
    -201.9947350627656,
    -201.31850474871806,
    -174.82221453733126,
    -198.1836434175961,
    -205.98330743756313,
    -202.80866356980997,
    -194.20437125255958,
    -179.9195192330104,
    -210.9591623748821,
    -216.20265237082415,
    -218.17205567832053,
    -195.98350241405572,
    -187.77944878109918,
    -216.13590540411803,
    -208.93325578447642,
    -195.00558929449187,
    -170.25802548828315,
    -191.0717978083184,
    -189.0200500643789,
    -191.46034315076795,
    -198.0499561651664,
    -200.67243396935018,
    -177.79011604794744,
    -184.19497893676288,
    -188.25200635332115,
    -200.63768247590005,
    -211.47329380773667,
    -184.44610725097363,
    -189.3373554074484,
    -171.99623703198012,
    -189.46977876393234,
    -186.04108077142567,
    -188.13904431854135,
    -200.99043515014924,
    -176.3972040707738,
    -177.6823827478289,
    -190.0464336182124,
    -185.9356315715675,
    -164.32567831526194,
    -163.39030040465713,
    -191.7315277553633,
    -188.85698592090984,
    -180.77042331227221,
    -181.47302996329577,
    -198.26751247128686,
    -170.4559746421828,
    -176.00052469680998,
    -181.16549686105438,
    -161.1634955998536,
    -149.06043227758508,
    -145.82569048663933,
    -181.97666774182832,
    -183.05643716159543,
    -171.42722946023227,
    -183.18218752619083,
    -168.30925377650345,
    -180.92662197145052,
    -184.33309239912577,
    -167.87520487748566,
    -168.17531541904683,
    -194.0640962232814,
    -182.35455484695964,
    -187.89196927474256,
    -193.73337124164223,
    -174.6785175877394,
    -178.15040468124138,
    -153.92020197728857,
    -158.16623258605017,
    -172.56909889989413,
    -207.2197417267562,
    -188.98849325610917,
    -199.24223741808916,
    -155.09483165006742,
    -197.93068908188997,
    -183.6163198504247,
    -180.74427388575126,
    -185.03475321725062,
    -181.17231172655153,
    -183.8621868828551,
    -196.60944200399558,
    -172.5656015862722
  ],